,,基本属性,,,,,,,,条件,,,,,,,,,,,,,,,,,
编号,名字,"技能
类型","技能
等级","最高
等级",升级经验,能看到等级,简单说明,详细说明,图标,消耗MP,使用条件,学习条件,消耗sp,打击次数,生效回合,施放恢复回合,施放动作,施放特效,施放音效,"是否范
围攻击","最大目
标个数","最大作
用范围","是否
有害","爆击几率
(0-100)",公式,列帧,总帧
1,化生唧唧歪歪,0,1,2,0,5,增加伤害35-53,"此乃化生寺秘传之无上心法，取""万物化生，生生不息""之意。施术者需凝神静气，口诵""唧唧歪""三字真言，引动天地灵气。此法施展时，周身隐现青莲虚影，梵音缭绕不绝。可令伤者经脉重续，气血归元，尤擅医治内伤隐疾。然其咒语古怪，初闻者多忍俊不禁，殊不知此中暗合佛门""不二法门""之妙谛。修至化境，可起死人而肉白骨",化生唧唧歪歪,10,Metier=1;WeaponEquiped=1;WeaponType&4,Level>=5,10,1,1,1,战斗_施法,化生唧唧歪歪,,0,,,1,0,attack=36,5,20
2,化生唧唧歪歪,0,2,2,0,5,增加伤害35-53,"此乃化生寺秘传之无上心法，取""万物化生，生生不息""之意。施术者需凝神静气，口诵""唧唧歪""三字真言，引动天地灵气。此法施展时，周身隐现青莲虚影，梵音缭绕不绝。可令伤者经脉重续，气血归元，尤擅医治内伤隐疾。然其咒语古怪，初闻者多忍俊不禁，殊不知此中暗合佛门""不二法门""之妙谛。修至化境，可起死人而肉白骨",化生唧唧歪歪,15,Metier=1;WeaponEquiped=1;WeaponType&4,Level>=5,10,1,1,1,战斗_施法,化生唧唧歪歪,,0,,,1,0,attack=40,5,20
3,漫天花雨,0,1,1,0,5,增加伤害135-153,"此招取意""落英缤纷""，乃唐门不传之秘。施展时袖藏七十二枚淬毒花镖，以特殊手法激射而出。花镖出手后凌空绽放，如三月桃李纷飞，令人目眩神迷。其中暗藏七种变化：或直取要害，或迂回包抄，更有回旋镖法防不胜防。中招者初时只觉花香扑鼻，待察觉时已然毒发。昔年""花间剑客""柳无痕凭此技独步江湖，后因太过阴毒而自封不用",漫天花雨,10,Metier=1;WeaponEquiped=1;WeaponType&4,Level>=5,10,1,1,1,战斗_施法,漫天花雨,,0,,,1,0,attack=135,5,19
4,龙卷雨击,0,1,1,0,5,增加伤害350-530,"东海龙宫镇派绝学，需以""呼风唤雨令""催动。施术者须先观天象，待乌云密布之时，掐诀念咒引动天地异变。霎时间狂风骤起，云中隐现龙形，暴雨如注而落。雨滴皆化为三尺水剑，随龙卷之势盘旋飞舞。此招威力惊天动地，曾于嘉靖年间平息倭寇之乱，一招便让千艘战船尽数倾覆。然施展时需借天时地利，且极耗内力，非龙宫嫡传弟子不可驾驭。",龙卷雨击,10,Metier=1;WeaponEquiped=1;WeaponType&4,Level>=5,10,1,1,1,战斗_施法,龙卷雨击,,0,,,1,0,attack=350,2,30
5,地府判官令,0,1,1,0,5,增加伤害185-253,"幽冥地府索命之术，需以朱砂书写""敕令""二字于黄符之上。符成之时阴风阵阵，隐约可闻铁链拖地之声。中此令者，三日内必见黑无常持锁链来拘。更可怕的是，此令会逐渐侵蚀中术者阳气，使其五感迟钝，功力大减。相传明末锦衣卫曾用此术对付东林党人，后因太过阴损而被列为禁术。唯有执掌生死簿的判官一脉，方知其中奥秘。",地府判官令,10,Metier=1;WeaponEquiped=1;WeaponType&4,Level>=5,10,1,1,1,战斗_施法,地府判官令,,0,,,1,0,attack=185,5,15
